trial,mean_cv_pr_auc,std_cv_pr_auc,params,accuracy,precision,recall,f1,roc_auc,pr_auc,brier_score,true_negatives,false_positives,false_negatives,true_positives
0,0.5666248146923993,0.005855171913660047,"{""colsample_bytree"": 0.8193998331602709, ""learning_rate"": 0.04018889528610386, ""max_depth"": -1, ""min_child_samples"": 131, ""min_split_gain"": 0.19582835813268934, ""n_estimators"": 487, ""num_leaves"": 31, ""reg_alpha"": 3.757540479602473, ""reg_lambda"": 3.312381274820736, ""subsample"": 0.7530751549834868}",,,,,,,,,,,
1,0.5527350721344516,0.007278611281312839,"{""colsample_bytree"": 0.8607658084556098, ""learning_rate"": 0.07639359079909021, ""max_depth"": 6, ""min_child_samples"": 58, ""min_split_gain"": 0.05178660848232597, ""n_estimators"": 724, ""num_leaves"": 63, ""reg_alpha"": 2.0436655962428403, ""reg_lambda"": 3.446940802216978, ""subsample"": 0.9212431186924359}",,,,,,,,,,,
2,0.5626916369070282,0.007098781966241452,"{""colsample_bytree"": 0.7352044326234772, ""learning_rate"": 0.04693219446746618, ""max_depth"": 6, ""min_child_samples"": 100, ""min_split_gain"": 0.07993353669542819, ""n_estimators"": 808, ""num_leaves"": 31, ""reg_alpha"": 2.8837149120008942, ""reg_lambda"": 8.325889119881678, ""subsample"": 0.8199963080702908}",,,,,,,,,,,
3,0.5694440417588285,0.0052020765419497,"{""colsample_bytree"": 0.8808519932533032, ""learning_rate"": 0.022187817156744907, ""max_depth"": 6, ""min_child_samples"": 55, ""min_split_gain"": 0.0660199392245047, ""n_estimators"": 601, ""num_leaves"": 31, ""reg_alpha"": 0.9213904598320068, ""reg_lambda"": 5.599289129973917, ""subsample"": 0.8226466906636756}",,,,,,,,,,,
4,0.5669793779797538,0.007413979728757257,"{""colsample_bytree"": 0.8803599942778976, ""learning_rate"": 0.026441327853927825, ""max_depth"": 8, ""min_child_samples"": 62, ""min_split_gain"": 0.057992766125801225, ""n_estimators"": 447, ""num_leaves"": 63, ""reg_alpha"": 5.166961694164535, ""reg_lambda"": 3.9176902578759076, ""subsample"": 0.7789844453816612}",,,,,,,,,,,
5,0.5634326143864655,0.005026368451369421,"{""colsample_bytree"": 0.8234590483918187, ""learning_rate"": 0.01345610601190047, ""max_depth"": 4, ""min_child_samples"": 153, ""min_split_gain"": 0.1290769220425041, ""n_estimators"": 700, ""num_leaves"": 63, ""reg_alpha"": 5.094813517400251, ""reg_lambda"": 6.821715128893527, ""subsample"": 0.8085563594066706}",,,,,,,,,,,
6,0.562648049086733,0.007410121715732789,"{""colsample_bytree"": 0.9548977128130118, ""learning_rate"": 0.0463103002319976, ""max_depth"": 6, ""min_child_samples"": 169, ""min_split_gain"": 0.15439872804204774, ""n_estimators"": 694, ""num_leaves"": 31, ""reg_alpha"": 4.316383513068045, ""reg_lambda"": 9.291198284731522, ""subsample"": 0.8664082345771894}",,,,,,,,,,,
7,0.5663246612303132,0.0057721925903153,"{""colsample_bytree"": 0.9575416165826222, ""learning_rate"": 0.021757297659887435, ""max_depth"": -1, ""min_child_samples"": 87, ""min_split_gain"": 0.07647555832425501, ""n_estimators"": 693, ""num_leaves"": 63, ""reg_alpha"": 1.7133645941905702, ""reg_lambda"": 9.341233793698358, ""subsample"": 0.9896040116253502}",,,,,,,,,,,
8,0.5680681682333637,0.005555001021690801,"{""colsample_bytree"": 0.8111234373486019, ""learning_rate"": 0.025663804279141722, ""max_depth"": 6, ""min_child_samples"": 51, ""min_split_gain"": 0.06519282541091016, ""n_estimators"": 630, ""num_leaves"": 63, ""reg_alpha"": 3.874878467119042, ""reg_lambda"": 8.291823558007273, ""subsample"": 0.8970593337119038}",,,,,,,,,,,
9,0.5652007205257319,0.0064405083366800495,"{""colsample_bytree"": 0.9125363393160044, ""learning_rate"": 0.03659232138003373, ""max_depth"": 4, ""min_child_samples"": 70, ""min_split_gain"": 0.1874006861809941, ""n_estimators"": 790, ""num_leaves"": 15, ""reg_alpha"": 4.637380049933804, ""reg_lambda"": 7.583574926436941, ""subsample"": 0.8240657530740382}",,,,,,,,,,,
10,0.5542938719101129,0.0047107916440219605,"{""colsample_bytree"": 0.7285855848364221, ""learning_rate"": 0.012461007336561063, ""max_depth"": 10, ""min_child_samples"": 121, ""min_split_gain"": 0.003042563725401237, ""n_estimators"": 264, ""num_leaves"": 15, ""reg_alpha"": 0.2339083963245041, ""reg_lambda"": 0.3455152345047603, ""subsample"": 0.7070220176063053}",,,,,,,,,,,
11,0.5698198760011782,0.005513910632970183,"{""colsample_bytree"": 0.8053316046510075, ""learning_rate"": 0.018722682487973766, ""max_depth"": 6, ""min_child_samples"": 46, ""min_split_gain"": 0.02345065739955607, ""n_estimators"": 554, ""num_leaves"": 31, ""reg_alpha"": 0.205085140631159, ""reg_lambda"": 5.66243639627241, ""subsample"": 0.8936394560526499}",,,,,,,,,,,
12,0.5691233413877415,0.00496060916976573,"{""colsample_bytree"": 0.7568473267877063, ""learning_rate"": 0.017250878982277496, ""max_depth"": 6, ""min_child_samples"": 41, ""min_split_gain"": 0.02114693060530139, ""n_estimators"": 518, ""num_leaves"": 31, ""reg_alpha"": 0.06950365306647521, ""reg_lambda"": 5.61863767473672, ""subsample"": 0.9561918865362776}",,,,,,,,,,,
13,0.5683607738899598,0.004847285682558519,"{""colsample_bytree"": 0.7717832456961746, ""learning_rate"": 0.017975863126379478, ""max_depth"": 8, ""min_child_samples"": 82, ""min_split_gain"": 0.023242959593638333, ""n_estimators"": 417, ""num_leaves"": 31, ""reg_alpha"": 1.1113092294474467, ""reg_lambda"": 5.495663890243425, ""subsample"": 0.8730123087178993}",,,,,,,,,,,
14,0.5677695665657144,0.004252302581968248,"{""colsample_bytree"": 0.90188384324994, ""learning_rate"": 0.010972404148259634, ""max_depth"": 10, ""min_child_samples"": 75, ""min_split_gain"": 0.1186477692149209, ""n_estimators"": 586, ""num_leaves"": 31, ""reg_alpha"": 0.9056538479589433, ""reg_lambda"": 6.449112517390322, ""subsample"": 0.929851397689829}",,,,,,,,,,,
15,0.5676071636830177,0.004158287958036735,"{""colsample_bytree"": 0.7867835945653021, ""learning_rate"": 0.016695043538700993, ""max_depth"": 6, ""min_child_samples"": 42, ""min_split_gain"": 0.040894736433685394, ""n_estimators"": 347, ""num_leaves"": 31, ""reg_alpha"": 2.1683516070817848, ""reg_lambda"": 1.537759465949275, ""subsample"": 0.848354195943033}",,,,,,,,,,,
16,0.5677214905398597,0.005294033762475212,"{""colsample_bytree"": 0.7001197881996611, ""learning_rate"": 0.021409119804638384, ""max_depth"": 6, ""min_child_samples"": 105, ""min_split_gain"": 0.09633972570414562, ""n_estimators"": 879, ""num_leaves"": 31, ""reg_alpha"": 0.9180307994657242, ""reg_lambda"": 4.216762683109507, ""subsample"": 0.7447075660000103}",,,,,,,,,,,
17,0.5666433643322051,0.0055264334756116125,"{""colsample_bytree"": 0.9950600915328479, ""learning_rate"": 0.03267912949456177, ""max_depth"": 6, ""min_child_samples"": 90, ""min_split_gain"": 0.00014467321715230103, ""n_estimators"": 555, ""num_leaves"": 15, ""reg_alpha"": 2.7933262819193017, ""reg_lambda"": 4.79664047152106, ""subsample"": 0.9034198233754822}",,,,,,,,,,,
18,0.5694878152684403,0.002578490392662657,"{""colsample_bytree"": 0.8536215675699386, ""learning_rate"": 0.01504233081258376, ""max_depth"": -1, ""min_child_samples"": 56, ""min_split_gain"": 0.0312138807994618, ""n_estimators"": 604, ""num_leaves"": 31, ""reg_alpha"": 0.5530563371964061, ""reg_lambda"": 2.1730504667699546, ""subsample"": 0.7927972562799035}",,,,,,,,,,,
19,0.5667172211622878,0.0031943185885213656,"{""colsample_bytree"": 0.8415347411229712, ""learning_rate"": 0.015150045321895254, ""max_depth"": -1, ""min_child_samples"": 138, ""min_split_gain"": 0.033267117878476776, ""n_estimators"": 402, ""num_leaves"": 31, ""reg_alpha"": 0.05130767390335278, ""reg_lambda"": 1.6976101515526396, ""subsample"": 0.779469838042064}",,,,,,,,,,,
final_test,0.5698198760011782,0.005513910632970183,"{""colsample_bytree"": 0.8053316046510075, ""learning_rate"": 0.018722682487973766, ""max_depth"": 6, ""min_child_samples"": 46, ""min_split_gain"": 0.02345065739955607, ""n_estimators"": 554, ""num_leaves"": 31, ""reg_alpha"": 0.205085140631159, ""reg_lambda"": 5.66243639627241, ""subsample"": 0.8936394560526499}",0.8410945021535343,0.46806790622473726,0.5991721283201104,0.5255673222390318,0.79637186973724,0.5612157945373837,0.1490305265269224,14862.0,1974.0,1162.0,1737.0
