feature,importance
numeric__delivery_delay_days,736
numeric__delivery_time_days,707
numeric__product_description_lenght,695
numeric__approval_time_hours,682
numeric__product_volume_cm3,624
numeric__total_freight,579
numeric__product_weight_g,576
numeric__estimated_delivery_days,531
numeric__product_name_lenght,483
numeric__freight_ratio,442
numeric__payment_value,389
numeric__avg_price,333
numeric__total_price,331
numeric__purchase_hour,331
numeric__purchase_month,329
numeric__purchase_dayofweek,205
numeric__payment_installments,200
numeric__product_photos_qty,183
numeric__order_item_count,113
categorical__order_status_delivered,104
categorical__customer_city_infrequent_sklearn,86
numeric__seller_count,76
categorical__product_category_bed_bath_table,69
categorical__product_category_computers_accessories,56
categorical__seller_state_SP,52
categorical__customer_state_RJ,50
categorical__customer_state_MG,49
categorical__customer_city_sao paulo,43
categorical__order_status_processing,39
categorical__product_category_sports_leisure,39
categorical__product_category_stationery,39
categorical__seller_state_DF,38
categorical__product_category_health_beauty,36
categorical__customer_state_SP,36
categorical__product_category_garden_tools,34
categorical__product_category_books_general_interest,33
categorical__product_category_telephony,31
categorical__product_category_audio,28
categorical__product_category_food_drink,26
categorical__customer_city_campos dos goytacazes,25
categorical__product_category_fashion_bags_accessories,25
categorical__customer_city_uberaba,25
categorical__product_category_baby,25
categorical__customer_city_sumare,25
categorical__seller_state_MG,24
categorical__seller_state_PR,23
categorical__customer_city_rio de janeiro,23
categorical__order_status_unavailable,23
categorical__customer_state_SC,23
categorical__seller_state_RS,22
categorical__customer_city_nova iguacu,20
categorical__customer_city_cascavel,20
categorical__primary_payment_type_boleto,20
categorical__primary_payment_type_voucher,20
categorical__product_category_pet_shop,19
categorical__product_category_housewares,19
categorical__customer_city_barueri,17
categorical__customer_city_araraquara,17
categorical__product_category_fashion_male_clothing,17
categorical__product_category_toys,17
categorical__customer_city_belo horizonte,16
categorical__product_category_construction_tools_safety,16
categorical__customer_city_caxias do sul,16
categorical__customer_state_RS,16
categorical__customer_state_PR,16
categorical__product_category_infrequent_sklearn,14
numeric__same_state_seller_customer,14
categorical__order_status_shipped,14
categorical__customer_city_limeira,13
categorical__product_category_luggage_accessories,13
categorical__customer_city_guarulhos,13
categorical__customer_city_piracicaba,12
categorical__customer_state_ES,11
categorical__customer_city_itapecerica da serra,11
categorical__product_category_musical_instruments,11
categorical__customer_state_MA,11
categorical__seller_state_MT,11
categorical__customer_city_mogi das cruzes,11
categorical__product_category_home_construction,11
numeric__product_count,11
categorical__customer_city_cariacica,11
categorical__primary_payment_type_credit_card,11
categorical__customer_city_belford roxo,10
categorical__seller_state_SC,10
categorical__product_category_watches_gifts,10
categorical__product_category_auto,10
categorical__customer_city_criciuma,10
categorical__product_category_fixed_telephony,10
categorical__customer_state_MT,10
categorical__product_category_office_furniture,10
categorical__customer_city_cachoeiro de itapemirim,9
categorical__customer_city_jaboatao dos guararapes,9
categorical__primary_payment_type_debit_card,9
categorical__customer_city_contagem,8
categorical__customer_city_ponta grossa,8
categorical__customer_city_salvador,8
numeric__payment_type_count,7
categorical__seller_state_RJ,7
categorical__customer_state_PA,7
categorical__product_category_home_appliances,7
categorical__customer_city_uberlandia,7
categorical__customer_city_santos,7
categorical__customer_state_RO,6
categorical__customer_state_BA,6
categorical__customer_state_MS,6
categorical__customer_state_PE,6
categorical__customer_state_GO,6
categorical__customer_city_santa maria,6
categorical__customer_city_cuiaba,6
numeric__is_late,6
categorical__product_category_furniture_decor,6
categorical__product_category_perfumery,6
categorical__product_category_drinks,6
categorical__customer_state_DF,5
categorical__customer_state_RN,5
categorical__customer_city_curitiba,5
categorical__customer_city_porto alegre,4
categorical__product_category_small_appliances,4
categorical__customer_city_blumenau,4
categorical__product_category_construction_tools_lights,4
categorical__customer_city_macae,4
categorical__customer_city_americana,4
categorical__customer_city_brasilia,4
categorical__customer_city_niteroi,3
categorical__product_category_home_confort,3
categorical__product_category_cool_stuff,3
categorical__customer_city_itaquaquecetuba,3
categorical__order_status_canceled,3
categorical__customer_city_sao jose dos campos,2
categorical__customer_city_rio claro,2
categorical__product_category_electronics,2
categorical__customer_city_governador valadares,2
categorical__customer_city_franco da rocha,2
categorical__product_category_consoles_games,2
categorical__customer_state_PI,2
categorical__customer_state_PB,2
categorical__customer_city_joinville,2
categorical__customer_city_bauru,2
categorical__customer_city_teresina,2
categorical__customer_city_santana de parnaiba,2
categorical__product_category_construction_tools_construction,2
categorical__customer_state_CE,1
categorical__customer_city_goiania,1
categorical__seller_state_MA,1
categorical__customer_city_sao bernardo do campo,1
categorical__product_category_industry_commerce_and_business,1
categorical__customer_city_recife,1
categorical__product_category_art,1
categorical__customer_city_petropolis,1
categorical__customer_city_mage,1
categorical__customer_city_palmas,1
categorical__customer_city_campinas,1
categorical__customer_city_botucatu,1
categorical__customer_city_patrocinio,0
categorical__customer_city_patos de minas,0
categorical__customer_city_paulo afonso,0
categorical__customer_city_pedreira,0
categorical__customer_city_paulinia,0
categorical__customer_city_pedro leopoldo,0
categorical__customer_city_paulista,0
categorical__customer_city_lavras,0
categorical__customer_city_pelotas,0
categorical__customer_city_lajeado,0
categorical__customer_city_ponte nova,0
categorical__customer_city_lages,0
categorical__customer_city_pocos de caldas,0
categorical__customer_city_poa,0
categorical__customer_city_pirassununga,0
categorical__customer_city_lagoa santa,0
categorical__customer_city_pirapora,0
categorical__customer_city_lauro de freitas,0
categorical__customer_city_linhares,0
categorical__customer_city_pinhais,0
categorical__customer_city_pindamonhangaba,0
categorical__customer_city_petrolina,0
categorical__customer_city_leme,0
categorical__customer_city_peruibe,0
categorical__customer_city_penapolis,0
categorical__customer_city_lencois paulista,0
categorical__customer_city_pato branco,0
categorical__customer_city_mogi mirim,0
categorical__customer_city_passos,0
categorical__customer_city_nilopolis,0
categorical__customer_city_natal,0
categorical__customer_city_macapa,0
categorical__customer_city_maceio,0
categorical__customer_city_muriae,0
categorical__customer_city_mossoro,0
categorical__customer_city_mairipora,0
categorical__customer_city_manaus,0
categorical__customer_city_manhuacu,0
categorical__customer_city_mariana,0
categorical__customer_city_marica,0
categorical__customer_city_marilia,0
categorical__customer_city_maringa,0
categorical__customer_city_montes claros,0
categorical__customer_city_montenegro,0
categorical__customer_city_monte mor,0
categorical__customer_city_mongagua,0
categorical__customer_city_matao,0
categorical__customer_city_maua,0
categorical__customer_city_mogi-guacu,0
categorical__customer_city_navegantes,0
categorical__customer_city_nova friburgo,0
categorical__customer_city_lins,0
categorical__customer_city_louveira,0
categorical__customer_city_passo fundo,0
categorical__customer_city_parnamirim,0
categorical__customer_city_paranavai,0
categorical__customer_city_paranagua,0
categorical__customer_city_paracatu,0
categorical__customer_city_paracambi,0
categorical__customer_city_para de minas,0
categorical__customer_city_londrina,0
categorical__customer_city_mesquita,0
categorical__customer_city_ouro preto,0
categorical__customer_city_ourinhos,0
categorical__customer_city_osorio,0
categorical__customer_city_osasco,0
categorical__customer_city_olinda,0
categorical__customer_city_lorena,0
categorical__customer_city_novo hamburgo,0
categorical__customer_city_nova serrana,0
categorical__customer_city_nova odessa,0
categorical__customer_city_nova lima,0
categorical__customer_city_palhoca,0
categorical__customer_city_sao goncalo,0
categorical__customer_city_porto seguro,0
categorical__customer_city_telemaco borba,0
categorical__customer_city_tubarao,0
categorical__customer_city_trindade,0
categorical__customer_city_tres rios,0
categorical__customer_city_tres lagoas,0
categorical__customer_city_tres coracoes,0
categorical__customer_city_tremembe,0
categorical__customer_city_toledo,0
categorical__customer_city_timoteo,0
categorical__customer_city_teresopolis,0
categorical__customer_city_teofilo otoni,0
categorical__customer_city_taubate,0
categorical__customer_city_porto velho,0
categorical__customer_city_tatui,0
categorical__customer_city_taboao da serra,0
categorical__customer_city_suzano,0
categorical__customer_city_sorocaba,0
categorical__customer_city_sobral,0
categorical__customer_city_sinop,0
categorical__customer_city_sete lagoas,0
categorical__customer_city_sertaozinho,0
categorical__customer_city_serra,0
categorical__customer_city_seropedica,0
categorical__customer_city_tupa,0
categorical__customer_city_uba,0
categorical__customer_city_ubatuba,0
categorical__customer_city_umuarama,0
categorical__customer_city_votuporanga,0
categorical__customer_city_votorantim,0
categorical__customer_city_volta redonda,0
categorical__customer_city_vitoria da conquista,0
categorical__customer_city_vitoria,0
categorical__customer_city_vinhedo,0
categorical__customer_city_vila velha,0
categorical__customer_city_videira,0
categorical__customer_city_vicosa,0
categorical__customer_city_viamao,0
categorical__customer_city_vespasiano,0
categorical__customer_city_vassouras,0
categorical__customer_city_varzea paulista,0
categorical__customer_city_varzea grande,0
categorical__customer_city_varginha,0
categorical__customer_city_vargem grande paulista,0
categorical__customer_city_valparaiso de goias,0
categorical__customer_city_valinhos,0
categorical__customer_city_valenca,0
categorical__customer_city_uruguaiana,0
categorical__customer_city_unai,0
categorical__customer_city_saquarema,0
categorical__customer_city_sapucaia do sul,0
categorical__customer_city_sao vicente,0
categorical__customer_city_santa rosa,0
categorical__customer_city_santa luzia,0
categorical__customer_city_santa fe do sul,0
categorical__customer_city_santa cruz do sul,0
categorical__customer_city_santa barbara d'oeste,0
categorical__customer_city_salto,0
categorical__customer_city_sabara,0
categorical__customer_city_rondonopolis,0
categorical__customer_city_rio verde,0
categorical__customer_city_rio grande,0
categorical__customer_city_rio do sul,0
categorical__customer_city_rio das ostras,0
categorical__customer_city_rio branco,0
categorical__customer_city_ribeirao preto,0
categorical__customer_city_ribeirao pires,0
categorical__customer_city_ribeirao das neves,0
categorical__customer_city_resende,0
categorical__customer_city_registro,0
categorical__customer_city_queimados,0
categorical__customer_city_presidente prudente,0
categorical__customer_city_praia grande,0
categorical__customer_city_pouso alegre,0
categorical__customer_city_santa rita do sapucai,0
categorical__customer_city_santarem,0
categorical__customer_city_sao sebastiao do paraiso,0
categorical__customer_city_santo andre,0
categorical__customer_city_sao sebastiao,0
categorical__customer_city_sao roque,0
categorical__customer_city_sao pedro da aldeia,0
categorical__customer_city_sao mateus,0
categorical__customer_city_sao luis,0
categorical__customer_city_sao lourenco,0
categorical__customer_city_sao leopoldo,0
categorical__customer_city_sao jose dos pinhais,0
categorical__customer_city_sao jose do rio preto,0
categorical__customer_city_sao jose do rio pardo,0
categorical__customer_city_sao jose,0
categorical__customer_city_sao joaquim da barra,0
categorical__customer_city_sao joao del rei,0
categorical__customer_city_sao joao de meriti,0
categorical__customer_city_sao joao da boa vista,0
categorical__customer_city_juiz de fora,0
categorical__customer_city_sao carlos,0
categorical__customer_city_sao caetano do sul,0
categorical__customer_city_sao bento do sul,0
categorical__customer_city_santo antonio de padua,0
categorical__customer_city_santo angelo,0
categorical__customer_city_jundiai,0
categorical__customer_city_gravatai,0
categorical__customer_city_juazeiro do norte,0
categorical__customer_city_arapongas,0
categorical__customer_city_bage,0
categorical__customer_city_avare,0
categorical__customer_city_atibaia,0
categorical__customer_city_assis,0
categorical__customer_city_aruja,0
categorical__customer_city_artur nogueira,0
categorical__customer_city_araxa,0
categorical__customer_city_araucaria,0
categorical__customer_city_araruama,0
categorical__customer_city_araras,0
categorical__customer_city_araguari,0
categorical__customer_city_juazeiro,0
categorical__customer_city_araguaina,0
categorical__customer_city_aracruz,0
categorical__customer_city_aracatuba,0
categorical__customer_city_aracaju,0
categorical__customer_city_apucarana,0
categorical__customer_city_aparecida de goiania,0
categorical__customer_city_angra dos reis,0
categorical__customer_city_andradina,0
categorical__customer_city_anapolis,0
categorical__customer_city_ananindeua,0
categorical__customer_city_balneario camboriu,0
categorical__customer_city_barbacena,0
categorical__customer_city_barra bonita,0
categorical__customer_city_barra do pirai,0
categorical__customer_city_caieiras,0
categorical__customer_city_cachoeirinha,0
categorical__customer_city_cachoeira do sul,0
categorical__customer_city_cacapava,0
categorical__customer_city_cacador,0
categorical__customer_city_cabo frio,0
categorical__customer_city_brusque,0
categorical__customer_city_braganca paulista,0
categorical__customer_city_bom despacho,0
categorical__customer_city_boituva,0
categorical__customer_city_boa vista,0
categorical__customer_city_birigui,0
categorical__customer_city_betim,0
categorical__customer_city_bertioga,0
categorical__customer_city_bento goncalves,0
categorical__customer_city_belem,0
categorical__customer_city_bebedouro,0
categorical__customer_city_batatais,0
categorical__customer_city_barretos,0
categorical__customer_city_barreiras,0
categorical__customer_city_barra mansa,0
categorical__customer_city_amparo,0
categorical__customer_city_alvorada,0
categorical__customer_city_alfenas,0
categorical__product_category_market_place,0
categorical__product_category_home_appliances_2,0
categorical__product_category_furniture_living_room,0
categorical__product_category_furniture_bedroom,0
categorical__product_category_food,0
categorical__product_category_flowers,0
categorical__product_category_fashion_underwear_beach,0
categorical__product_category_fashion_shoes,0
categorical__product_category_fashio_female_clothing,0
categorical__product_category_dvds_blu_ray,0
categorical__product_category_costruction_tools_tools,0
categorical__product_category_costruction_tools_garden,0
categorical__product_category_computers,0
categorical__product_category_cine_photo,0
categorical__product_category_christmas_supplies,0
categorical__product_category_books_technical,0
categorical__product_category_books_imported,0
categorical__product_category_air_conditioning,0
categorical__product_category_agro_industry_and_commerce,0
categorical__primary_payment_type_infrequent_sklearn,0
categorical__order_status_infrequent_sklearn,0
categorical__order_status_invoiced,0
categorical__product_category_kitchen_dining_laundry_garden_furniture,0
categorical__product_category_music,0
categorical__customer_city_alem paraiba,0
categorical__product_category_party_supplies,0
categorical__customer_city_alegrete,0
categorical__customer_city_alagoinhas,0
categorical__customer_state_TO,0
categorical__customer_state_SE,0
categorical__customer_state_RR,0
categorical__customer_state_AP,0
categorical__customer_state_AM,0
categorical__customer_state_AL,0
categorical__customer_state_AC,0
categorical__seller_state_infrequent_sklearn,0
categorical__seller_state_RN,0
categorical__seller_state_PE,0
categorical__seller_state_PB,0
categorical__seller_state_MS,0
categorical__seller_state_GO,0
categorical__seller_state_ES,0
categorical__seller_state_CE,0
categorical__seller_state_BA,0
categorical__product_category_tablets_printing_image,0
categorical__product_category_small_appliances_home_oven_and_coffee,0
categorical__product_category_signaling_and_security,0
categorical__customer_city_cajamar,0
categorical__customer_city_camacari,0
categorical__customer_city_campina grande,0
categorical__customer_city_itanhaem,0
categorical__customer_city_itajai,0
categorical__customer_city_itaguai,0
categorical__customer_city_itabuna,0
categorical__customer_city_itaborai,0
categorical__customer_city_itabirito,0
categorical__customer_city_itabira,0
categorical__customer_city_ipatinga,0
categorical__customer_city_indaiatuba,0
categorical__customer_city_imperatriz,0
categorical__customer_city_imbituba,0
categorical__customer_city_ilheus,0
categorical__customer_city_ilhabela,0
categorical__customer_city_ijui,0
categorical__customer_city_ibirite,0
categorical__customer_city_hortolandia,0
categorical__customer_city_guaruja,0
categorical__customer_city_guaratingueta,0
categorical__customer_city_guarapuava,0
categorical__customer_city_guarapari,0
categorical__customer_city_guanambi,0
categorical__customer_city_guaira,0
categorical__customer_city_itajuba,0
categorical__customer_city_itapema,0
categorical__customer_city_francisco beltrao,0
categorical__customer_city_itaperuna,0
categorical__customer_city_joao pessoa,0
categorical__customer_city_joao monlevade,0
categorical__customer_city_jequie,0
categorical__customer_city_jau,0
categorical__customer_city_jatai,0
categorical__customer_city_jaragua do sul,0
categorical__customer_city_japeri,0
categorical__customer_city_jandira,0
categorical__customer_city_jales,0
categorical__customer_city_jaguariuna,0
categorical__customer_city_jacarei,0
categorical__customer_city_jaboticabal,0
categorical__customer_city_itupeva,0
categorical__customer_city_ituiutaba,0
categorical__customer_city_itu,0
categorical__customer_city_itauna,0
categorical__customer_city_itatiba,0
categorical__customer_city_itapira,0
categorical__customer_city_itapevi,0
categorical__customer_city_itapeva,0
categorical__customer_city_itapetininga,0
categorical__customer_city_francisco morato,0
categorical__customer_city_franca,0
categorical__customer_city_campo bom,0
categorical__customer_city_cosmopolis,0
categorical__customer_city_coronel fabriciano,0
categorical__customer_city_conselheiro lafaiete,0
categorical__customer_city_congonhas,0
categorical__customer_city_concordia,0
categorical__customer_city_colombo,0
categorical__customer_city_colatina,0
categorical__customer_city_cianorte,0
categorical__customer_city_chapeco,0
categorical__customer_city_catanduva,0
categorical__customer_city_cataguases,0
categorical__customer_city_caruaru,0
categorical__customer_city_caratinga,0
categorical__customer_city_carapicuiba,0
categorical__customer_city_caraguatatuba,0
categorical__customer_city_capivari,0
categorical__customer_city_capao da canoa,0
categorical__customer_city_canoas,0
categorical__customer_city_campo mourao,0
categorical__customer_city_campo limpo paulista,0
categorical__customer_city_campo largo,0
categorical__customer_city_campo grande,0
categorical__customer_city_corumba,0
categorical__customer_city_cotia,0
categorical__customer_city_foz do iguacu,0
categorical__customer_city_cruzeiro,0
categorical__customer_city_fortaleza,0
categorical__customer_city_formosa,0
categorical__customer_city_florianopolis,0
categorical__customer_city_ferraz de vasconcelos,0
categorical__customer_city_fernandopolis,0
categorical__customer_city_feira de santana,0
categorical__customer_city_fazenda rio grande,0
categorical__customer_city_extrema,0
categorical__customer_city_eunapolis,0
categorical__customer_city_esteio,0
categorical__customer_city_erechim,0
categorical__customer_city_embu-guacu,0
categorical__customer_city_embu das artes,0
categorical__customer_city_duque de caxias,0
categorical__customer_city_dourados,0
categorical__customer_city_dois vizinhos,0
categorical__customer_city_divinopolis,0
categorical__customer_city_diamantina,0
categorical__customer_city_diadema,0
categorical__customer_city_curvelo,0
categorical__customer_city_cubatao,0
categorical__customer_city_formiga,0
