feature,mean_abs_shap
numeric__delivery_delay_days,0.31798509150627075
numeric__seller_prior_bad_review_rate,0.21727387913300003
numeric__delivery_time_days,0.21724379419458614
numeric__order_item_count,0.1800760475125509
categorical__order_status_delivered,0.1710318713727714
categorical__customer_city_infrequent_sklearn,0.05452255481518961
numeric__category_prior_bad_review_rate,0.04855869604345672
numeric__product_volume_cm3,0.038137538556926594
numeric__seller_prior_order_count,0.03162296684875677
numeric__customer_state_prior_order_count,0.031311395606671795
numeric__seller_prior_late_rate,0.029864746661424864
numeric__payment_installments,0.028151132941756824
numeric__seller_state_prior_order_count,0.026207366120984933
numeric__approval_time_hours,0.025263351513940328
numeric__total_freight,0.02347169645404243
numeric__product_weight_g,0.02316443960800682
numeric__is_late,0.022948344315342598
numeric__estimated_delivery_days,0.02225726751362504
numeric__avg_price,0.02196312234767773
numeric__seller_prior_avg_delay_days,0.021898882119456717
numeric__customer_state_prior_avg_delay_days,0.020342218032355735
numeric__total_price,0.019588581465195497
numeric__category_prior_order_count,0.01917094978671846
numeric__seller_count,0.01888955496820513
numeric__category_prior_late_rate,0.018677417935479466
numeric__payment_value,0.018217546922954252
numeric__customer_state_prior_late_rate,0.018163791549338507
numeric__product_name_lenght,0.017834230921281186
numeric__product_description_lenght,0.01724340005031461
numeric__purchase_hour,0.016728361463977996
numeric__seller_state_prior_bad_review_rate,0.016494600803254995
numeric__category_prior_avg_delay_days,0.01637788286432709
numeric__freight_ratio,0.01514227677259877
numeric__purchase_dayofweek,0.01493600311527164
categorical__product_category_garden_tools,0.01492639242181036
numeric__seller_state_prior_late_rate,0.014700997099314567
numeric__seller_state_prior_avg_delay_days,0.013938291674656478
categorical__customer_city_sao paulo,0.01322570632736046
numeric__product_photos_qty,0.012817332868380788
numeric__purchase_month,0.012773680894788808
numeric__customer_state_prior_bad_review_rate,0.011668506035023389
categorical__product_category_bed_bath_table,0.011345455918956169
categorical__seller_state_SP,0.010592918407938207
categorical__product_category_stationery,0.010205523351560343
numeric__product_count,0.009364159204117723
categorical__customer_state_MG,0.007632992930096163
categorical__customer_state_RJ,0.006573880179269308
categorical__customer_city_rio de janeiro,0.006075687194883311
categorical__product_category_books_general_interest,0.0052021231115735155
categorical__order_status_processing,0.004783210640474276
categorical__customer_state_SC,0.004633421945688347
categorical__seller_state_DF,0.004136747238935546
categorical__order_status_shipped,0.004037824589095475
categorical__seller_state_MG,0.003972007205875147
categorical__seller_state_RS,0.0033476614998024217
categorical__order_status_unavailable,0.003340941055325283
categorical__order_status_canceled,0.0033354429316108805
categorical__seller_state_PR,0.0033281216618046053
categorical__product_category_watches_gifts,0.003317293671329832
categorical__product_category_fashion_bags_accessories,0.0029553772661194155
categorical__primary_payment_type_voucher,0.0027446314814076334
categorical__product_category_pet_shop,0.002493211679708271
categorical__product_category_baby,0.002455048352499228
categorical__product_category_musical_instruments,0.00221925112967055
categorical__product_category_telephony,0.0019410618262671192
categorical__customer_city_sumare,0.0019177939287808045
categorical__product_category_computers_accessories,0.0017536177204684187
categorical__primary_payment_type_boleto,0.0017069820381996833
categorical__customer_city_barueri,0.0016852392317615271
categorical__customer_state_MA,0.0016850922057880062
categorical__customer_city_nova iguacu,0.0014652727778706237
categorical__order_status_invoiced,0.0013868882606098527
categorical__customer_city_campos dos goytacazes,0.001362790745960482
categorical__customer_city_caxias do sul,0.0013251746584665128
categorical__customer_city_brasilia,0.0013152759868837547
categorical__customer_state_MT,0.0012663025278470289
categorical__product_category_toys,0.00104282794131127
categorical__customer_state_SP,0.000984186829294154
categorical__customer_city_santos,0.0009029062452210995
categorical__customer_state_RS,0.0008638513386723062
categorical__customer_city_piracicaba,0.0008274159978211534
categorical__customer_city_guarulhos,0.00077927360575009
categorical__customer_state_GO,0.0007316775203216414
categorical__customer_city_contagem,0.0007057043185212873
categorical__customer_city_santo andre,0.0007046652891789648
categorical__product_category_construction_tools_construction,0.0006725412505016924
categorical__customer_city_belo horizonte,0.0006570421396301869
categorical__primary_payment_type_credit_card,0.0006517279743339595
numeric__same_state_seller_customer,0.0006315116016295898
categorical__product_category_audio,0.0005925890161806154
categorical__product_category_health_beauty,0.0005845743529009852
categorical__customer_city_niteroi,0.0005713663699360562
categorical__customer_state_PE,0.0004641081349020463
categorical__customer_city_salvador,0.0004360954194448523
categorical__customer_city_sao bernardo do campo,0.000424199837073221
categorical__customer_state_RN,0.0004218630579706599
categorical__product_category_electronics,0.0004216850425225302
categorical__customer_city_cuiaba,0.00040728704806603335
categorical__product_category_small_appliances,0.00038037715180474054
categorical__product_category_construction_tools_lights,0.0003544154356633783
categorical__product_category_sports_leisure,0.00034291738706222974
categorical__product_category_drinks,0.00033143440147757257
numeric__payment_type_count,0.00033009913634231156
categorical__seller_state_RJ,0.00032874289433851165
categorical__product_category_luggage_accessories,0.00028546189680739385
categorical__customer_state_BA,0.0002800087406476034
categorical__customer_state_PR,0.00027300564900756453
categorical__customer_city_uberlandia,0.0002644224489772687
categorical__customer_state_PA,0.0002357070406577438
categorical__product_category_housewares,0.00019085340203021172
categorical__primary_payment_type_debit_card,0.0001898441707754685
categorical__customer_state_MS,0.00018647914445222294
categorical__customer_city_santa maria,0.00017485386947139415
categorical__seller_state_SC,0.00016878468939807845
categorical__customer_city_sorocaba,0.00016392994800415605
categorical__product_category_home_construction,0.00014621614380571634
categorical__product_category_office_furniture,0.00013425465118296174
categorical__product_category_furniture_decor,0.00013290397815856592
categorical__product_category_perfumery,9.936064813381197e-05
categorical__customer_city_bauru,8.566003390584263e-05
categorical__customer_city_mogi das cruzes,8.28747299059793e-05
categorical__customer_city_natal,6.87103425768841e-05
categorical__customer_city_americana,6.105429942599064e-05
categorical__customer_city_campinas,5.91606380964398e-05
categorical__customer_city_ouro preto,0.0
categorical__customer_city_olinda,0.0
categorical__customer_city_ourinhos,0.0
categorical__customer_city_osorio,0.0
categorical__customer_city_osasco,0.0
categorical__customer_city_palmas,0.0
categorical__customer_city_novo hamburgo,0.0
categorical__customer_city_nova serrana,0.0
categorical__customer_city_nova odessa,0.0
categorical__customer_city_palhoca,0.0
categorical__customer_city_jundiai,0.0
categorical__customer_city_para de minas,0.0
categorical__customer_city_paracambi,0.0
categorical__customer_city_pirassununga,0.0
categorical__customer_city_pirapora,0.0
categorical__customer_city_pinhais,0.0
categorical__customer_city_pindamonhangaba,0.0
categorical__customer_city_petropolis,0.0
categorical__customer_city_petrolina,0.0
categorical__customer_city_peruibe,0.0
categorical__customer_city_penapolis,0.0
categorical__customer_city_pelotas,0.0
categorical__customer_city_pedro leopoldo,0.0
categorical__customer_city_pedreira,0.0
categorical__customer_city_paulo afonso,0.0
categorical__customer_city_paulista,0.0
categorical__customer_city_jaboatao dos guararapes,0.0
categorical__customer_city_paulinia,0.0
categorical__customer_city_patrocinio,0.0
categorical__customer_city_patos de minas,0.0
categorical__customer_city_pato branco,0.0
categorical__customer_city_passos,0.0
categorical__customer_city_passo fundo,0.0
categorical__customer_city_parnamirim,0.0
categorical__customer_city_jaboticabal,0.0
categorical__customer_city_paranavai,0.0
categorical__customer_city_paranagua,0.0
categorical__customer_city_paracatu,0.0
categorical__customer_city_nova lima,0.0
categorical__customer_city_montes claros,0.0
categorical__customer_city_nova friburgo,0.0
categorical__customer_city_macae,0.0
categorical__customer_city_manhuacu,0.0
categorical__customer_city_manaus,0.0
categorical__customer_city_joinville,0.0
categorical__customer_city_pocos de caldas,0.0
categorical__customer_city_juazeiro,0.0
categorical__customer_city_mairipora,0.0
categorical__customer_city_juazeiro do norte,0.0
categorical__customer_city_mage,0.0
categorical__customer_city_maceio,0.0
categorical__customer_city_macapa,0.0
categorical__customer_city_juiz de fora,0.0
categorical__customer_city_louveira,0.0
categorical__customer_city_nilopolis,0.0
categorical__customer_city_lorena,0.0
categorical__customer_city_londrina,0.0
categorical__customer_city_lins,0.0
categorical__customer_city_linhares,0.0
categorical__customer_city_limeira,0.0
categorical__customer_city_lencois paulista,0.0
categorical__customer_city_leme,0.0
categorical__customer_city_lavras,0.0
categorical__customer_city_lauro de freitas,0.0
categorical__customer_city_lajeado,0.0
categorical__customer_city_lagoa santa,0.0
categorical__customer_city_mariana,0.0
categorical__customer_city_joao pessoa,0.0
categorical__customer_city_marica,0.0
categorical__customer_city_marilia,0.0
categorical__customer_city_navegantes,0.0
categorical__customer_city_jacarei,0.0
categorical__customer_city_muriae,0.0
categorical__customer_city_mossoro,0.0
categorical__customer_city_jaguariuna,0.0
categorical__customer_city_jales,0.0
categorical__customer_city_lages,0.0
categorical__customer_city_jandira,0.0
categorical__customer_city_japeri,0.0
categorical__customer_city_montenegro,0.0
categorical__customer_city_jaragua do sul,0.0
categorical__customer_city_monte mor,0.0
categorical__customer_city_mongagua,0.0
categorical__customer_city_jatai,0.0
categorical__customer_city_mogi-guacu,0.0
categorical__customer_city_mogi mirim,0.0
categorical__customer_city_jau,0.0
categorical__customer_city_jequie,0.0
categorical__customer_city_mesquita,0.0
categorical__customer_city_joao monlevade,0.0
categorical__customer_city_maua,0.0
categorical__customer_city_matao,0.0
categorical__customer_city_maringa,0.0
categorical__customer_city_poa,0.0
categorical__customer_city_sao joaquim da barra,0.0
categorical__customer_city_ponta grossa,0.0
categorical__customer_city_tupa,0.0
categorical__customer_city_trindade,0.0
categorical__customer_city_tres rios,0.0
categorical__customer_city_tres lagoas,0.0
categorical__customer_city_tres coracoes,0.0
categorical__customer_city_tremembe,0.0
categorical__customer_city_toledo,0.0
categorical__customer_city_timoteo,0.0
categorical__customer_city_teresopolis,0.0
categorical__customer_city_teresina,0.0
categorical__customer_city_teofilo otoni,0.0
categorical__customer_city_telemaco borba,0.0
categorical__customer_city_taubate,0.0
categorical__customer_city_tatui,0.0
categorical__customer_city_taboao da serra,0.0
categorical__customer_city_suzano,0.0
categorical__customer_city_sobral,0.0
categorical__customer_city_sinop,0.0
categorical__customer_city_sete lagoas,0.0
categorical__customer_city_sertaozinho,0.0
categorical__customer_city_serra,0.0
categorical__customer_city_seropedica,0.0
categorical__customer_city_saquarema,0.0
categorical__customer_city_sapucaia do sul,0.0
categorical__customer_city_tubarao,0.0
categorical__customer_city_uba,0.0
categorical__customer_city_sao sebastiao do paraiso,0.0
categorical__customer_city_ubatuba,0.0
categorical__customer_city_votuporanga,0.0
categorical__customer_city_votorantim,0.0
categorical__customer_city_volta redonda,0.0
categorical__customer_city_vitoria da conquista,0.0
categorical__customer_city_vitoria,0.0
categorical__customer_city_vinhedo,0.0
categorical__customer_city_vila velha,0.0
categorical__customer_city_videira,0.0
categorical__customer_city_vicosa,0.0
categorical__customer_city_viamao,0.0
categorical__customer_city_vespasiano,0.0
categorical__customer_city_vassouras,0.0
categorical__customer_city_varzea paulista,0.0
categorical__customer_city_varzea grande,0.0
categorical__customer_city_varginha,0.0
categorical__customer_city_vargem grande paulista,0.0
categorical__customer_city_valparaiso de goias,0.0
categorical__customer_city_valinhos,0.0
categorical__customer_city_valenca,0.0
categorical__customer_city_uruguaiana,0.0
categorical__customer_city_unai,0.0
categorical__customer_city_umuarama,0.0
categorical__customer_city_uberaba,0.0
categorical__customer_city_sao vicente,0.0
categorical__customer_city_sao sebastiao,0.0
categorical__customer_city_ponte nova,0.0
categorical__customer_city_santa fe do sul,0.0
categorical__customer_city_santa barbara d'oeste,0.0
categorical__customer_city_salto,0.0
categorical__customer_city_sabara,0.0
categorical__customer_city_rondonopolis,0.0
categorical__customer_city_rio verde,0.0
categorical__customer_city_rio grande,0.0
categorical__customer_city_rio do sul,0.0
categorical__customer_city_rio das ostras,0.0
categorical__customer_city_rio claro,0.0
categorical__customer_city_rio branco,0.0
categorical__customer_city_ribeirao preto,0.0
categorical__customer_city_ribeirao pires,0.0
categorical__customer_city_ribeirao das neves,0.0
categorical__customer_city_resende,0.0
categorical__customer_city_registro,0.0
categorical__customer_city_recife,0.0
categorical__customer_city_queimados,0.0
categorical__customer_city_presidente prudente,0.0
categorical__customer_city_praia grande,0.0
categorical__customer_city_pouso alegre,0.0
categorical__customer_city_porto velho,0.0
categorical__customer_city_porto seguro,0.0
categorical__customer_city_porto alegre,0.0
categorical__customer_city_santa cruz do sul,0.0
categorical__customer_city_santa luzia,0.0
categorical__customer_city_sao roque,0.0
categorical__customer_city_santa rita do sapucai,0.0
categorical__customer_city_sao pedro da aldeia,0.0
categorical__customer_city_sao mateus,0.0
categorical__customer_city_sao luis,0.0
categorical__customer_city_sao lourenco,0.0
categorical__customer_city_sao leopoldo,0.0
categorical__customer_city_sao jose dos pinhais,0.0
categorical__customer_city_sao jose dos campos,0.0
categorical__customer_city_sao jose do rio preto,0.0
categorical__customer_city_sao jose do rio pardo,0.0
categorical__customer_city_sao jose,0.0
categorical__customer_city_ituiutaba,0.0
categorical__customer_city_sao joao del rei,0.0
categorical__customer_city_sao joao de meriti,0.0
categorical__customer_city_sao joao da boa vista,0.0
categorical__customer_city_sao goncalo,0.0
categorical__customer_city_sao carlos,0.0
categorical__customer_city_sao caetano do sul,0.0
categorical__customer_city_sao bento do sul,0.0
categorical__customer_city_santo antonio de padua,0.0
categorical__customer_city_santo angelo,0.0
categorical__customer_city_santarem,0.0
categorical__customer_city_santana de parnaiba,0.0
categorical__customer_city_santa rosa,0.0
categorical__customer_city_itupeva,0.0
categorical__customer_city_fazenda rio grande,0.0
categorical__customer_city_itu,0.0
categorical__customer_city_alfenas,0.0
categorical__customer_city_aracruz,0.0
categorical__customer_city_aracatuba,0.0
categorical__customer_city_aracaju,0.0
categorical__customer_city_apucarana,0.0
categorical__customer_city_aparecida de goiania,0.0
categorical__customer_city_angra dos reis,0.0
categorical__customer_city_andradina,0.0
categorical__customer_city_anapolis,0.0
categorical__customer_city_ananindeua,0.0
categorical__customer_city_amparo,0.0
categorical__customer_city_alvorada,0.0
categorical__customer_city_alem paraiba,0.0
categorical__customer_city_birigui,0.0
categorical__customer_city_alegrete,0.0
categorical__customer_city_alagoinhas,0.0
categorical__customer_state_TO,0.0
categorical__customer_state_SE,0.0
categorical__customer_state_RR,0.0
categorical__customer_state_RO,0.0
categorical__customer_state_PI,0.0
categorical__customer_state_PB,0.0
categorical__customer_state_ES,0.0
categorical__customer_state_DF,0.0
categorical__customer_state_CE,0.0
categorical__customer_city_araguaina,0.0
categorical__customer_city_araguari,0.0
categorical__customer_city_arapongas,0.0
categorical__customer_city_araraquara,0.0
categorical__customer_city_bertioga,0.0
categorical__customer_city_bento goncalves,0.0
categorical__customer_city_belford roxo,0.0
categorical__customer_city_belem,0.0
categorical__customer_city_bebedouro,0.0
categorical__customer_city_batatais,0.0
categorical__customer_city_barretos,0.0
categorical__customer_city_barreiras,0.0
categorical__customer_city_barra mansa,0.0
categorical__customer_city_barra do pirai,0.0
categorical__customer_city_barra bonita,0.0
categorical__customer_city_barbacena,0.0
categorical__customer_city_balneario camboriu,0.0
categorical__customer_city_bage,0.0
categorical__customer_city_avare,0.0
categorical__customer_city_atibaia,0.0
categorical__customer_city_assis,0.0
categorical__customer_city_aruja,0.0
categorical__customer_city_artur nogueira,0.0
categorical__customer_city_araxa,0.0
categorical__customer_city_araucaria,0.0
categorical__customer_city_araruama,0.0
categorical__customer_city_araras,0.0
categorical__customer_state_AP,0.0
categorical__customer_state_AM,0.0
categorical__customer_state_AL,0.0
categorical__product_category_food_drink,0.0
categorical__product_category_flowers,0.0
categorical__product_category_fixed_telephony,0.0
categorical__product_category_fashion_underwear_beach,0.0
categorical__product_category_fashion_shoes,0.0
categorical__product_category_fashion_male_clothing,0.0
categorical__product_category_fashio_female_clothing,0.0
categorical__product_category_dvds_blu_ray,0.0
categorical__product_category_costruction_tools_tools,0.0
categorical__product_category_costruction_tools_garden,0.0
categorical__product_category_cool_stuff,0.0
categorical__product_category_construction_tools_safety,0.0
categorical__product_category_consoles_games,0.0
categorical__product_category_computers,0.0
categorical__product_category_cine_photo,0.0
categorical__product_category_christmas_supplies,0.0
categorical__product_category_books_technical,0.0
categorical__product_category_books_imported,0.0
categorical__product_category_auto,0.0
categorical__product_category_art,0.0
categorical__product_category_air_conditioning,0.0
categorical__product_category_agro_industry_and_commerce,0.0
categorical__primary_payment_type_infrequent_sklearn,0.0
categorical__order_status_infrequent_sklearn,0.0
categorical__product_category_food,0.0
categorical__product_category_furniture_bedroom,0.0
categorical__customer_state_AC,0.0
categorical__product_category_furniture_living_room,0.0
categorical__seller_state_infrequent_sklearn,0.0
categorical__seller_state_RN,0.0
categorical__seller_state_PE,0.0
categorical__seller_state_PB,0.0
categorical__seller_state_MT,0.0
categorical__seller_state_MS,0.0
categorical__seller_state_MA,0.0
categorical__seller_state_GO,0.0
categorical__seller_state_ES,0.0
categorical__seller_state_CE,0.0
categorical__seller_state_BA,0.0
categorical__product_category_infrequent_sklearn,0.0
categorical__product_category_tablets_printing_image,0.0
categorical__product_category_small_appliances_home_oven_and_coffee,0.0
categorical__product_category_signaling_and_security,0.0
categorical__product_category_party_supplies,0.0
categorical__product_category_music,0.0
categorical__product_category_market_place,0.0
categorical__product_category_kitchen_dining_laundry_garden_furniture,0.0
categorical__product_category_industry_commerce_and_business,0.0
categorical__product_category_home_confort,0.0
categorical__product_category_home_appliances_2,0.0
categorical__product_category_home_appliances,0.0
categorical__customer_city_betim,0.0
categorical__customer_city_blumenau,0.0
categorical__customer_city_itauna,0.0
categorical__customer_city_franca,0.0
categorical__customer_city_guaratingueta,0.0
categorical__customer_city_guarapuava,0.0
categorical__customer_city_guarapari,0.0
categorical__customer_city_guanambi,0.0
categorical__customer_city_guaira,0.0
categorical__customer_city_gravatai,0.0
categorical__customer_city_governador valadares,0.0
categorical__customer_city_goiania,0.0
categorical__customer_city_franco da rocha,0.0
categorical__customer_city_francisco morato,0.0
categorical__customer_city_francisco beltrao,0.0
categorical__customer_city_foz do iguacu,0.0
categorical__customer_city_boa vista,0.0
categorical__customer_city_fortaleza,0.0
categorical__customer_city_formosa,0.0
categorical__customer_city_formiga,0.0
categorical__customer_city_florianopolis,0.0
categorical__customer_city_ferraz de vasconcelos,0.0
categorical__customer_city_fernandopolis,0.0
categorical__customer_city_feira de santana,0.0
categorical__customer_city_extrema,0.0
categorical__customer_city_eunapolis,0.0
categorical__customer_city_erechim,0.0
categorical__customer_city_embu-guacu,0.0
categorical__customer_city_guaruja,0.0
categorical__customer_city_hortolandia,0.0
categorical__customer_city_ibirite,0.0
categorical__customer_city_ijui,0.0
categorical__customer_city_itatiba,0.0
categorical__customer_city_itaquaquecetuba,0.0
categorical__customer_city_itapira,0.0
categorical__customer_city_itapevi,0.0
categorical__customer_city_itapeva,0.0
categorical__customer_city_itapetininga,0.0
categorical__customer_city_itaperuna,0.0
categorical__customer_city_itapema,0.0
categorical__customer_city_itapecerica da serra,0.0
categorical__customer_city_itanhaem,0.0
categorical__customer_city_itajuba,0.0
categorical__customer_city_itajai,0.0
categorical__customer_city_itaguai,0.0
categorical__customer_city_itabuna,0.0
categorical__customer_city_itaborai,0.0
categorical__customer_city_itabirito,0.0
categorical__customer_city_itabira,0.0
categorical__customer_city_ipatinga,0.0
categorical__customer_city_indaiatuba,0.0
categorical__customer_city_imperatriz,0.0
categorical__customer_city_imbituba,0.0
categorical__customer_city_ilheus,0.0
categorical__customer_city_ilhabela,0.0
categorical__customer_city_embu das artes,0.0
categorical__customer_city_duque de caxias,0.0
categorical__customer_city_dourados,0.0
categorical__customer_city_carapicuiba,0.0
categorical__customer_city_capivari,0.0
categorical__customer_city_capao da canoa,0.0
categorical__customer_city_canoas,0.0
categorical__customer_city_campo mourao,0.0
categorical__customer_city_campo limpo paulista,0.0
categorical__customer_city_campo largo,0.0
categorical__customer_city_campo grande,0.0
categorical__customer_city_campo bom,0.0
categorical__customer_city_campina grande,0.0
categorical__customer_city_camacari,0.0
categorical__customer_city_cajamar,0.0
categorical__customer_city_caieiras,0.0
categorical__customer_city_cachoeiro de itapemirim,0.0
categorical__customer_city_cachoeirinha,0.0
categorical__customer_city_cachoeira do sul,0.0
categorical__customer_city_cacapava,0.0
categorical__customer_city_cacador,0.0
categorical__customer_city_cabo frio,0.0
categorical__customer_city_brusque,0.0
categorical__customer_city_braganca paulista,0.0
categorical__customer_city_botucatu,0.0
categorical__customer_city_bom despacho,0.0
categorical__customer_city_boituva,0.0
categorical__customer_city_caraguatatuba,0.0
categorical__customer_city_caratinga,0.0
categorical__customer_city_dois vizinhos,0.0
categorical__customer_city_cariacica,0.0
categorical__customer_city_divinopolis,0.0
categorical__customer_city_diamantina,0.0
categorical__customer_city_diadema,0.0
categorical__customer_city_curvelo,0.0
categorical__customer_city_curitiba,0.0
categorical__customer_city_cubatao,0.0
categorical__customer_city_cruzeiro,0.0
categorical__customer_city_criciuma,0.0
categorical__customer_city_cotia,0.0
categorical__customer_city_cosmopolis,0.0
categorical__customer_city_corumba,0.0
categorical__customer_city_coronel fabriciano,0.0
categorical__customer_city_conselheiro lafaiete,0.0
categorical__customer_city_congonhas,0.0
categorical__customer_city_concordia,0.0
categorical__customer_city_colombo,0.0
categorical__customer_city_colatina,0.0
categorical__customer_city_cianorte,0.0
categorical__customer_city_chapeco,0.0
categorical__customer_city_catanduva,0.0
categorical__customer_city_cataguases,0.0
categorical__customer_city_cascavel,0.0
categorical__customer_city_caruaru,0.0
categorical__customer_city_esteio,0.0
