model,candidate,params,split,accuracy,precision,recall,f1,roc_auc,pr_auc,true_negatives,false_positives,false_negatives,true_positives
LightGBM,10,"{""model__learning_rate"": 0.04, ""model__min_child_samples"": 60, ""model__n_estimators"": 350, ""model__num_leaves"": 31}",test,0.8409424879655435,0.46688741721854304,0.58364953432218,0.5187797025908324,0.7875377677115786,0.5508484661675036,14904,1932,1207,1692
LightGBM,10,"{""model__learning_rate"": 0.04, ""model__min_child_samples"": 60, ""model__n_estimators"": 350, ""model__num_leaves"": 31}",validation,0.8451482138332911,0.4782246879334258,0.5946878233873749,0.5301353013530136,0.8008429390165837,0.5625262434327031,14955,1881,1175,1724
LightGBM,6,"{""model__learning_rate"": 0.04, ""model__min_child_samples"": 60, ""model__n_estimators"": 220, ""model__num_leaves"": 63}",validation,0.8472764124651634,0.4836971930819393,0.5884787857882028,0.5309679427326486,0.7990478893804247,0.5620472469706844,15015,1821,1193,1706
LightGBM,2,"{""model__learning_rate"": 0.04, ""model__min_child_samples"": 60, ""model__n_estimators"": 220, ""model__num_leaves"": 31}",validation,0.8416518875095009,0.4692767808591626,0.5953777164539497,0.5248593583700776,0.8003777344839419,0.561766452614672,14884,1952,1173,1726
LightGBM,14,"{""model__learning_rate"": 0.04, ""model__min_child_samples"": 60, ""model__n_estimators"": 350, ""model__num_leaves"": 63}",validation,0.852799594628832,0.4991028708133971,0.5757157640565712,0.5346788403011373,0.7978464567500234,0.5609152170730594,15161,1675,1230,1669
LightGBM,4,"{""model__learning_rate"": 0.08, ""model__min_child_samples"": 60, ""model__n_estimators"": 220, ""model__num_leaves"": 31}",validation,0.844084114517355,0.4752777777777778,0.5902035184546396,0.5265425450069241,0.7987009759388934,0.560573158369214,14947,1889,1188,1711
LightGBM,5,"{""model__learning_rate"": 0.04, ""model__min_child_samples"": 20, ""model__n_estimators"": 220, ""model__num_leaves"": 63}",validation,0.8489485685330631,0.4881776239907728,0.5839944808554675,0.5318046175592901,0.7995922927028277,0.5605549842341866,15061,1775,1206,1693
XGBoost,7,"{""model__colsample_bytree"": 0.85, ""model__learning_rate"": 0.04, ""model__max_depth"": 5, ""model__n_estimators"": 350, ""model__subsample"": 0.85}",validation,0.8430200152014188,0.4724453060094157,0.5884787857882028,0.5241167434715822,0.7986152515212601,0.5605249273945602,14931,1905,1193,1706
XGBoost,3,"{""model__colsample_bytree"": 0.85, ""model__learning_rate"": 0.04, ""model__max_depth"": 5, ""model__n_estimators"": 220, ""model__subsample"": 0.85}",validation,0.8423106156574613,0.4706530724717553,0.5891686788547775,0.5232843137254902,0.7971069812047985,0.5604290281924552,14915,1921,1191,1708
XGBoost,4,"{""model__colsample_bytree"": 0.85, ""model__learning_rate"": 0.08, ""model__max_depth"": 5, ""model__n_estimators"": 220, ""model__subsample"": 0.85}",validation,0.8405371167975678,0.4662676822633297,0.5912383580545015,0.5213688212927756,0.7985322725797174,0.5602965691917241,14874,1962,1185,1714
LightGBM,1,"{""model__learning_rate"": 0.04, ""model__min_child_samples"": 20, ""model__n_estimators"": 220, ""model__num_leaves"": 31}",validation,0.8422092728654674,0.4707323713585625,0.5964125560538116,0.5261716372489349,0.7994242244911055,0.5600839333614729,14892,1944,1170,1729
LightGBM,8,"{""model__learning_rate"": 0.08, ""model__min_child_samples"": 60, ""model__n_estimators"": 220, ""model__num_leaves"": 63}",validation,0.8533569799847985,0.5007619628162145,0.5667471541911003,0.531715210355987,0.7974331806438855,0.55972234169991,15198,1638,1256,1643
XGBoost,8,"{""model__colsample_bytree"": 0.85, ""model__learning_rate"": 0.08, ""model__max_depth"": 5, ""model__n_estimators"": 350, ""model__subsample"": 0.85}",validation,0.8416518875095009,0.46895604395604396,0.5888237323214902,0.52209818014987,0.7974570498949711,0.5587492220863224,14903,1933,1192,1707
XGBoost,6,"{""model__colsample_bytree"": 0.85, ""model__learning_rate"": 0.08, ""model__max_depth"": 3, ""model__n_estimators"": 350, ""model__subsample"": 0.85}",validation,0.8395236888776286,0.4639008620689655,0.5939979303208003,0.5209499319316291,0.7998793691076244,0.5582561405157365,14846,1990,1177,1722
LightGBM,9,"{""model__learning_rate"": 0.04, ""model__min_child_samples"": 20, ""model__n_estimators"": 350, ""model__num_leaves"": 31}",validation,0.8437800861413732,0.47454344216934147,0.5915833045877888,0.5266390296330417,0.7986571507645823,0.5581426730081666,14937,1899,1184,1715
LightGBM,12,"{""model__learning_rate"": 0.08, ""model__min_child_samples"": 60, ""model__n_estimators"": 350, ""model__num_leaves"": 31}",validation,0.8492525969090449,0.4890173410404624,0.58364953432218,0.5321591445195786,0.7959079457438195,0.5577615630625383,15068,1768,1207,1692
LightGBM,13,"{""model__learning_rate"": 0.04, ""model__min_child_samples"": 20, ""model__n_estimators"": 350, ""model__num_leaves"": 63}",validation,0.8521915378768685,0.4972989195678271,0.5715764056571232,0.5318568448082169,0.7978896467768807,0.5571218170138819,15161,1675,1242,1657
LightGBM,3,"{""model__learning_rate"": 0.08, ""model__min_child_samples"": 20, ""model__n_estimators"": 220, ""model__num_leaves"": 31}",validation,0.8431720293894097,0.4727626459143969,0.5867540531217661,0.5236262890564876,0.79842224864982,0.5568042775899633,14939,1897,1198,1701
XGBoost,2,"{""model__colsample_bytree"": 0.85, ""model__learning_rate"": 0.08, ""model__max_depth"": 3, ""model__n_estimators"": 220, ""model__subsample"": 0.85}",validation,0.8390676463136559,0.4628387442983633,0.5950327699206623,0.5206761243585873,0.798022331128839,0.556649986495909,14834,2002,1174,1725
XGBoost,5,"{""model__colsample_bytree"": 0.85, ""model__learning_rate"": 0.04, ""model__max_depth"": 3, ""model__n_estimators"": 350, ""model__subsample"": 0.85}",validation,0.8382569039777046,0.4607764390896921,0.593652983787513,0.5188423274042809,0.7964909496405106,0.5559582526935238,14822,2014,1178,1721
XGBoost,1,"{""model__colsample_bytree"": 0.85, ""model__learning_rate"": 0.04, ""model__max_depth"": 3, ""model__n_estimators"": 220, ""model__subsample"": 0.85}",validation,0.8374461616417532,0.4588986432561852,0.5950327699206623,0.5181736257134275,0.7938075233584696,0.5554731682013505,14802,2034,1174,1725
LightGBM,16,"{""model__learning_rate"": 0.08, ""model__min_child_samples"": 60, ""model__n_estimators"": 350, ""model__num_leaves"": 63}",validation,0.8612110463643273,0.526542800265428,0.5474301483270093,0.5367833587011669,0.7939403818637618,0.555438440892942,15409,1427,1312,1587
LightGBM,7,"{""model__learning_rate"": 0.08, ""model__min_child_samples"": 20, ""model__n_estimators"": 220, ""model__num_leaves"": 63}",validation,0.8529516088168229,0.49954448830853326,0.5674370472576751,0.5313307493540051,0.7931192181605293,0.5535433133068527,15188,1648,1254,1645
LightGBM,11,"{""model__learning_rate"": 0.08, ""model__min_child_samples"": 20, ""model__n_estimators"": 350, ""model__num_leaves"": 31}",validation,0.8458069419812516,0.47946377638334287,0.5798551224560193,0.5249024199843872,0.7964296271782793,0.5534971790057134,15011,1825,1218,1681
Random Forest,5,"{""model__max_depth"": null, ""model__min_samples_leaf"": 5, ""model__n_estimators"": 200}",validation,0.8664302001520142,0.5458987783595114,0.5394963780614005,0.5426786953504511,0.7987244763946835,0.5514246804508004,15535,1301,1335,1564
Random Forest,11,"{""model__max_depth"": null, ""model__min_samples_leaf"": 5, ""model__n_estimators"": 350}",validation,0.8663288573600203,0.5457413249211357,0.5370817523283891,0.5413769123783032,0.7978635032881378,0.5505596328526106,15540,1296,1342,1557
Random Forest,6,"{""model__max_depth"": null, ""model__min_samples_leaf"": 10, ""model__n_estimators"": 200}",validation,0.8534076513807956,0.50091519219036,0.566402207657813,0.5316496681236846,0.7976068422509265,0.5501253005372817,15200,1636,1257,1642
Random Forest,12,"{""model__max_depth"": null, ""model__min_samples_leaf"": 10, ""model__n_estimators"": 350}",validation,0.8531542944008107,0.500151837230489,0.5681269403242497,0.5319767441860465,0.7970695894595355,0.5493913243279792,15190,1646,1252,1647
Random Forest,9,"{""model__max_depth"": 16, ""model__min_samples_leaf"": 5, ""model__n_estimators"": 350}",validation,0.8601976184443881,0.5228758169934641,0.5519144532597448,0.5370028528276557,0.7919249975270226,0.548702295850998,15376,1460,1299,1600
Random Forest,3,"{""model__max_depth"": 16, ""model__min_samples_leaf"": 5, ""model__n_estimators"": 200}",validation,0.8613630605523183,0.5269421487603306,0.5498447740600207,0.5381498987170831,0.7916965903071909,0.5472766229334025,15405,1431,1305,1594
LightGBM,15,"{""model__learning_rate"": 0.08, ""model__min_child_samples"": 20, ""model__n_estimators"": 350, ""model__num_leaves"": 63}",validation,0.860450975424373,0.5236541598694943,0.5536391859261814,0.5382293762575453,0.7883955855694826,0.5468838931992152,15376,1460,1294,1605
Random Forest,10,"{""model__max_depth"": 16, ""model__min_samples_leaf"": 10, ""model__n_estimators"": 350}",validation,0.8510767671649354,0.49401913875598086,0.5698516729906864,0.52923274066955,0.7910350330125059,0.5459869698311302,15144,1692,1247,1652
Random Forest,4,"{""model__max_depth"": 16, ""model__min_samples_leaf"": 10, ""model__n_estimators"": 200}",validation,0.8518368381048897,0.4962178517397882,0.5657123145912384,0.5286911669890393,0.7906082958780734,0.5452060084052406,15171,1665,1259,1640
Random Forest,7,"{""model__max_depth"": 10, ""model__min_samples_leaf"": 5, ""model__n_estimators"": 350}",validation,0.8520901950848746,0.49696233292831105,0.564332528458089,0.5285091261508642,0.7845494399187798,0.5440241775669321,15180,1656,1263,1636
Random Forest,1,"{""model__max_depth"": 10, ""model__min_samples_leaf"": 5, ""model__n_estimators"": 200}",validation,0.8536103369647834,0.5015375153751538,0.5626077957916523,0.5303202731263209,0.7851647543811039,0.5425835512972496,15215,1621,1268,1631
Random Forest,2,"{""model__max_depth"": 10, ""model__min_samples_leaf"": 10, ""model__n_estimators"": 200}",validation,0.8494046110970357,0.4891336707353379,0.5667471541911003,0.5250878875039949,0.7844611339340763,0.539150187811695,15120,1716,1256,1643
Random Forest,8,"{""model__max_depth"": 10, ""model__min_samples_leaf"": 10, ""model__n_estimators"": 350}",validation,0.8481378261971118,0.4855029585798817,0.5660572611245257,0.52269469660774,0.7841269234416207,0.5385423892926157,15097,1739,1258,1641
